SYMBOL,SECTOR,holidays
20MICRONS-EQ,Full Market / Other,22-01-2024
21STCENMGM-EQ,Full Market / Other,26-01-2024
3BBLACKBIO-EQ,Full Market / Other,08-03-2024
3IINFOLTD-EQ,Full Market / Other,25-03-2024
3PLAND-EQ,Full Market / Other,29-03-2024
5PAISA-EQ,Full Market / Other,11-04-2024
63MOONS-EQ,Full Market / Other,17-04-2024
A2ZINFRA-EQ,Full Market / Other,01-05-2024
AAATECH-EQ,Full Market / Other,17-06-2024
AARNAV-EQ,Full Market / Other,17-07-2024
AARON-EQ,Full Market / Other,15-08-2024
AARTECH-EQ,Full Market / Other,02-10-2024
AARTIDRUGS-EQ,Full Market / Other,01-11-2024
AARTIPHARM-EQ,Full Market / Other,15-11-2024
AARTISURF-EQ,Full Market / Other,20-11-2024
AARVI-EQ,Full Market / Other,25-12-2024
ABCOTS-EQ,Full Market / Other,26-01-2025
ABINFRA-EQ,Full Market / Other,26-02-2025
ABMINTLLTD-EQ,Full Market / Other,14-03-2025
ABMKNO-EQ,Full Market / Other,31-03-2025
ACCELYA-EQ,Full Market / Other,06-04-2025
ACCURACY-EQ,Full Market / Other,10-04-2025
ACEINTEG-EQ,Full Market / Other,14-04-2025
ACI-EQ,Full Market / Other,18-04-2025
ACL-EQ,Full Market / Other,01-05-2025
ACSTECH-EQ,Full Market / Other,07-06-2025
ADFFOODS-EQ,Full Market / Other,06-07-2025
ADL-EQ,Full Market / Other,15-08-2025
ADOR-EQ,Full Market / Other,27-08-2025
ADROITINFO-EQ,Full Market / Other,02-10-2025
ADSL-EQ,Full Market / Other,21-10-2025
ADVAIT-EQ,Full Market / Other,22-10-2025
ADVANCE-EQ,Full Market / Other,05-11-2025
ADVANIHOTR-EQ,Full Market / Other,25-12-2025
ADVENTHTL-EQ,Full Market / Other,
ADVENZYMES-EQ,Full Market / Other,
AEPL-EQ,Full Market / Other,
AEQUS-EQ,Full Market / Other,
AEROENTER-EQ,Full Market / Other,
AEROFLEX-EQ,Full Market / Other,
AERONEU-EQ,Full Market / Other,
AETHER-EQ,Full Market / Other,
AFSL-EQ,Full Market / Other,
AGARIND-EQ,Full Market / Other,
AGARWALEYE-EQ,Full Market / Other,
AGI-EQ,Full Market / Other,
AGIIL-EQ,Full Market / Other,
AGRITECH-EQ,Full Market / Other,
AGROPHOS-EQ,Full Market / Other,
AHCL-EQ,Full Market / Other,
AHLADA-EQ,Full Market / Other,
AHLEAST-EQ,Full Market / Other,
AHLUCONT-EQ,Full Market / Other,
AIRAN-EQ,Full Market / Other,
AIROLAM-EQ,Full Market / Other,
AJAXENGG-EQ,Full Market / Other,
AJMERA-EQ,Full Market / Other,
AJOONI-EQ,Full Market / Other,
AKASH-EQ,Full Market / Other,
AKCAPIT-EQ,Full Market / Other,
AKG-EQ,Full Market / Other,
AKI-EQ,Full Market / Other,
AKSHAR-EQ,Full Market / Other,
AKSHARCHEM-EQ,Full Market / Other,
AKUMS-EQ,Full Market / Other,
ALANKIT-EQ,Full Market / Other,
ALBERTDAVD-EQ,Full Market / Other,
ALEMBICLTD-EQ,Full Market / Other,
ALGOQUANT-EQ,Full Market / Other,
ALICON-EQ,Full Market / Other,
ALIVUS-EQ,Full Market / Other,
ALKALI-EQ,Full Market / Other,
ALKYLAMINE-EQ,Full Market / Other,
ALLCARGO-EQ,Full Market / Other,
ALLDIGI-EQ,Full Market / Other,
ALLTIME-EQ,Full Market / Other,
ALMONDZ-EQ,Full Market / Other,
ALOKINDS-EQ,Full Market / Other,
ALPA-EQ,Full Market / Other,
ALPHAGEO-EQ,Full Market / Other,
AMAGI-EQ,Full Market / Other,
AMANTA-EQ,Full Market / Other,
AMBALALSA-EQ,Full Market / Other,
AMBICAAGAR-EQ,Full Market / Other,
AMBIKCO-EQ,Full Market / Other,
AMDIND-EQ,Full Market / Other,
AMIRCHAND-EQ,Full Market / Other,
AMJLAND-EQ,Full Market / Other,
AMNPLST-EQ,Full Market / Other,
AMRUTANJAN-EQ,Full Market / Other,
ANDHRAPAP-EQ,Full Market / Other,
ANDHRSUGAR-EQ,Full Market / Other,
ANMOL-EQ,Full Market / Other,
ANTELOPUS-EQ,Full Market / Other,
ANTGRAPHIC-EQ,Full Market / Other,
ANUHPHR-EQ,Full Market / Other,
ANUP-EQ,Full Market / Other,
APCL-EQ,Full Market / Other,
APCOTEXIND-EQ,Full Market / Other,
APEX-EQ,Full Market / Other,
APLLTD-EQ,Full Market / Other,
APOLLO-EQ,Full Market / Other,
APOLLOPIPE-EQ,Full Market / Other,
APOLSINHOT-EQ,Full Market / Other,
APTECHT-EQ,Full Market / Other,
AQYLON-EQ,Full Market / Other,
ARCHIDPLY-EQ,Full Market / Other,
ARCHIES-EQ,Full Market / Other,
ARENTERP-EQ,Full Market / Other,
ARFIN-EQ,Full Market / Other,
ARIES-EQ,Full Market / Other,
ARIHANT-EQ,Full Market / Other,
ARIHANTCAP-EQ,Full Market / Other,
ARIHANTSUP-EQ,Full Market / Other,
ARIS-EQ,Full Market / Other,
ARKADE-EQ,Full Market / Other,
ARMANFIN-EQ,Full Market / Other,
AROGRANITE-EQ,Full Market / Other,
ARROWGREEN-EQ,Full Market / Other,
ARSSBL-EQ,Full Market / Other,
ARTEMISMED-EQ,Full Market / Other,
ARTNIRMAN-EQ,Full Market / Other,
ARVEE-EQ,Full Market / Other,
ARVIND-EQ,Full Market / Other,
ARVINDFASN-EQ,Full Market / Other,
ARVSMART-EQ,Full Market / Other,
ASAHISONG-EQ,Full Market / Other,
ASAL-EQ,Full Market / Other,
ASALCBR-EQ,Full Market / Other,
ASHAPURMIN-EQ,Full Market / Other,
ASHIANA-EQ,Full Market / Other,
ASHIKA-EQ,Full Market / Other,
ASHIMASYN-EQ,Full Market / Other,
ASHOKA-EQ,Full Market / Other,
ASHOKAMET-EQ,Full Market / Other,
ASIANENE-EQ,Full Market / Other,
ASIANHOTNR-EQ,Full Market / Other,
ASIANTILES-EQ,Full Market / Other,
ASKAUTOLTD-EQ,Full Market / Other,
ASMS-EQ,Full Market / Other,
ASPINWALL-EQ,Full Market / Other,
ASTAR-EQ,Full Market / Other,
ASTEC-EQ,Full Market / Other,
ASTRAMICRO-EQ,Full Market / Other,
ASTRAZEN-EQ,Full Market / Other,
ATALREAL-EQ,Full Market / Other,
ATAM-EQ,Full Market / Other,
ATL-EQ,Full Market / Other,
ATLANTAA-EQ,Full Market / Other,
ATLANTAELE-EQ,Full Market / Other,
ATLASCYCLE-EQ,Full Market / Other,
ATULAUTO-EQ,Full Market / Other,
AURIGROW-EQ,Full Market / Other,
AURIONPRO-EQ,Full Market / Other,
AURUM-EQ,Full Market / Other,
AUTOAXLES-EQ,Full Market / Other,
AVAILFC-EQ,Full Market / Other,
AVALON-EQ,Full Market / Other,
AVANTEL-EQ,Full Market / Other,
AVANTIFEED-EQ,Full Market / Other,
AVG-EQ,Full Market / Other,
AVL-EQ,Full Market / Other,
AVONMORE-EQ,Full Market / Other,
AVROIND-EQ,Full Market / Other,
AVTNPL-EQ,Full Market / Other,
AWFIS-EQ,Full Market / Other,
AWHCL-EQ,Full Market / Other,
AXISCADES-EQ,Full Market / Other,
AXITA-EQ,Full Market / Other,
AYE-EQ,Full Market / Other,
AYMSYNTEX-EQ,Full Market / Other,
AZAD-EQ,Full Market / Other,
BAFNAPH-EQ,Full Market / Other,
BAGFILMS-EQ,Full Market / Other,
BAIDFIN-EQ,Full Market / Other,
BAJAJCON-EQ,Full Market / Other,
BAJAJELEC-EQ,Full Market / Other,
BAJAJHCARE-EQ,Full Market / Other,
BAJAJHIND-EQ,Full Market / Other,
BAJAJINDEF-EQ,Full Market / Other,
BAJAJST-EQ,Full Market / Other,
BAJEL-EQ,Full Market / Other,
BALAJEE-EQ,Full Market / Other,
BALAJITELE-EQ,Full Market / Other,
BALAMINES-EQ,Full Market / Other,
BALKRISHNA-EQ,Full Market / Other,
BALMLAWRIE-EQ,Full Market / Other,
BALPHARMA-EQ,Full Market / Other,
BALUFORGE-EQ,Full Market / Other,
BANARBEADS-EQ,Full Market / Other,
BANARISUG-EQ,Full Market / Other,
BANCOINDIA-EQ,Full Market / Other,
BANG-EQ,Full Market / Other,
BANSALWIRE-EQ,Full Market / Other,
BANSWRAS-EQ,Full Market / Other,
BASF-EQ,Full Market / Other,
BASML-EQ,Full Market / Other,
BATLIBOI-EQ,Full Market / Other,
BBL-EQ,Full Market / Other,
BBOX-EQ,Full Market / Other,
BBTCL-EQ,Full Market / Other,
BCG-EQ,Full Market / Other,
BCLIND-EQ,Full Market / Other,
BCONCEPTS-EQ,Full Market / Other,
BCPL-EQ,Full Market / Other,
BEARDSELL-EQ,Full Market / Other,
BECTORFOOD-EQ,Full Market / Other,
BEDMUTHA-EQ,Full Market / Other,
BEEKAY-EQ,Full Market / Other,
BELLACASA-EQ,Full Market / Other,
BENGALASM-EQ,Full Market / Other,
BEPL-EQ,Full Market / Other,
BESTAGRO-EQ,Full Market / Other,
BETA-EQ,Full Market / Other,
BFINVEST-EQ,Full Market / Other,
BFUTILITIE-EQ,Full Market / Other,
BHAGCHEM-EQ,Full Market / Other,
BHAGERIA-EQ,Full Market / Other,
BHARATCOAL-EQ,Full Market / Other,
BHARATGEAR-EQ,Full Market / Other,
BHARATRAS-EQ,Full Market / Other,
BHARATSE-EQ,Full Market / Other,
BHARATWIRE-EQ,Full Market / Other,
BI-EQ,Full Market / Other,
BIGBLOC-EQ,Full Market / Other,
BIL-EQ,Full Market / Other,
BIMETAL-EQ,Full Market / Other,
BIOFILCHEM-EQ,Full Market / Other,
BIRLACORPN-EQ,Full Market / Other,
BIRLAMONEY-EQ,Full Market / Other,
BIRLANU-EQ,Full Market / Other,
BIRLAPREC-EQ,Full Market / Other,
BLACKBUCK-EQ,Full Market / Other,
BLACKROSE-EQ,Full Market / Other,
BLAL-EQ,Full Market / Other,
BLIL-EQ,Full Market / Other,
BLISSGVS-EQ,Full Market / Other,
BLKASHYAP-EQ,Full Market / Other,
BLSE-EQ,Full Market / Other,
BLUECHIP-EQ,Full Market / Other,
BLUESTONE-EQ,Full Market / Other,
BLUSPRING-EQ,Full Market / Other,
BMWVENTLTD-EQ,Full Market / Other,
BNALTD-EQ,Full Market / Other,
BOMDYEING-EQ,Full Market / Other,
BONLON-EQ,Full Market / Other,
BORANA-EQ,Full Market / Other,
BOROLTD-EQ,Full Market / Other,
BORORENEW-EQ,Full Market / Other,
BOROSCI-EQ,Full Market / Other,
BOSCH-HCIL-EQ,Full Market / Other,
BPL-EQ,Full Market / Other,
BRIGHOTEL-EQ,Full Market / Other,
BRNL-EQ,Full Market / Other,
BSL-EQ,Full Market / Other,
BTML-EQ,Full Market / Other,
BTTL-EQ,Full Market / Other,
BUILDPRO-EQ,Full Market / Other,
BUTTERFLY-EQ,Full Market / Other,
BVCL-EQ,Full Market / Other,
BYKE-EQ,Full Market / Other,
CAMLINFINE-EQ,Full Market / Other,
CAMPUS-EQ,Full Market / Other,
CANTABIL-EQ,Full Market / Other,
CAPACITE-EQ,Full Market / Other,
CAPILLARY-EQ,Full Market / Other,
CAPITALSFB-EQ,Full Market / Other,
CARERATING-EQ,Full Market / Other,
CARRARO-EQ,Full Market / Other,
CARYSIL-EQ,Full Market / Other,
CCAVENUE-EQ,Full Market / Other,
CCCL-EQ,Full Market / Other,
CCHHL-EQ,Full Market / Other,
CEIGALL-EQ,Full Market / Other,
CEINSYS-EQ,Full Market / Other,
CELEBRITY-EQ,Full Market / Other,
CELLO-EQ,Full Market / Other,
CENTENKA-EQ,Full Market / Other,
CENTEXT-EQ,Full Market / Other,
CENTRUM-EQ,Full Market / Other,
CENTUM-EQ,Full Market / Other,
CENTURYPLY-EQ,Full Market / Other,
CERA-EQ,Full Market / Other,
CEWATER-EQ,Full Market / Other,
CHEMCON-EQ,Full Market / Other,
CHEMPLASTS-EQ,Full Market / Other,
CHEVIOT-EQ,Full Market / Other,
CIFL-EQ,Full Market / Other,
CINELINE-EQ,Full Market / Other,
CINEVISTA-EQ,Full Market / Other,
CLEANMAX-EQ,Full Market / Other,
CLSEL-EQ,Full Market / Other,
CMPDI-EQ,Full Market / Other,
CMSINFO-EQ,Full Market / Other,
CNL-EQ,Full Market / Other,
COASTCORP-EQ,Full Market / Other,
COCKERILL-EQ,Full Market / Other,
COFFEEDAY-EQ,Full Market / Other,
COMFINTE-EQ,Full Market / Other,
COMPUSOFT-EQ,Full Market / Other,
COMSYN-EQ,Full Market / Other,
CONFIPET-EQ,Full Market / Other,
CONSOFINVT-EQ,Full Market / Other,
CONTROLPR-EQ,Full Market / Other,
CORALFINAC-EQ,Full Market / Other,
CORDSCABLE-EQ,Full Market / Other,
CORONA-EQ,Full Market / Other,
COSMOFIRST-EQ,Full Market / Other,
COUNCODOS-EQ,Full Market / Other,
CPEDU-EQ,Full Market / Other,
CRAMC-EQ,Full Market / Other,
CREATIVEYE-EQ,Full Market / Other,
CREST-EQ,Full Market / Other,
CRIZAC-EQ,Full Market / Other,
CROWN-EQ,Full Market / Other,
CSBBANK-EQ,Full Market / Other,
CSLFINANCE-EQ,Full Market / Other,
CTE-EQ,Full Market / Other,
CUBEXTUB-EQ,Full Market / Other,
CUPID-EQ,Full Market / Other,
CYBERTECH-EQ,Full Market / Other,
CYIENTDLM-EQ,Full Market / Other,
DAICHI-EQ,Full Market / Other,
DALMIASUG-EQ,Full Market / Other,
DAMCAPITAL-EQ,Full Market / Other,
DAMODARIND-EQ,Full Market / Other,
DANGEE-EQ,Full Market / Other,
DATAMATICS-EQ,Full Market / Other,
DAVANGERE-EQ,Full Market / Other,
DBCORP-EQ,Full Market / Other,
DBEIL-EQ,Full Market / Other,
DBL-EQ,Full Market / Other,
DBSTOCKBRO-EQ,Full Market / Other,
DCAL-EQ,Full Market / Other,
DCBBANK-EQ,Full Market / Other,
DCM-EQ,Full Market / Other,
DCMSRIND-EQ,Full Market / Other,
DCW-EQ,Full Market / Other,
DCXINDIA-EQ,Full Market / Other,
DDEVPLSTIK-EQ,Full Market / Other,
DECCANCE-EQ,Full Market / Other,
DECNGOLD-EQ,Full Market / Other,
DEEPINDS-EQ,Full Market / Other,
DELPHIFX-EQ,Full Market / Other,
DELTACORP-EQ,Full Market / Other,
DELTAMAGNT-EQ,Full Market / Other,
DEN-EQ,Full Market / Other,
DENORA-EQ,Full Market / Other,
DENTA-EQ,Full Market / Other,
DEVIT-EQ,Full Market / Other,
DEVX-EQ,Full Market / Other,
DGCONTENT-EQ,Full Market / Other,
DHAMPURSUG-EQ,Full Market / Other,
DHANBANK-EQ,Full Market / Other,
DHANUKA-EQ,Full Market / Other,
DHARMAJ-EQ,Full Market / Other,
DHUNINV-EQ,Full Market / Other,
DIACABS-EQ,Full Market / Other,
DIAMINESQ-EQ,Full Market / Other,
DIAMONDYD-EQ,Full Market / Other,
DICIND-EQ,Full Market / Other,
DIFFNKG-EQ,Full Market / Other,
DIGIDRIVE-EQ,Full Market / Other,
DIGITIDE-EQ,Full Market / Other,
DIGJAMLMTD-EQ,Full Market / Other,
DISAQ-EQ,Full Market / Other,
DIVGIITTS-EQ,Full Market / Other,
DJML-EQ,Full Market / Other,
DLINKINDIA-EQ,Full Market / Other,
DMCC-EQ,Full Market / Other,
DNAMEDIA-EQ,Full Market / Other,
DODLA-EQ,Full Market / Other,
DOLATALGO-EQ,Full Market / Other,
DOLLAR-EQ,Full Market / Other,
DOLPHIN-EQ,Full Market / Other,
DONEAR-EQ,Full Market / Other,
DPABHUSHAN-EQ,Full Market / Other,
DPWIRES-EQ,Full Market / Other,
DRAGARWQ-EQ,Full Market / Other,
DRCSYSTEMS-EQ,Full Market / Other,
DREAMFOLKS-EQ,Full Market / Other,
DREDGECORP-EQ,Full Market / Other,
DSFCL-EQ,Full Market / Other,
DSSL-EQ,Full Market / Other,
DTIL-EQ,Full Market / Other,
DVL-EQ,Full Market / Other,
DWARKESH-EQ,Full Market / Other,
DYCL-EQ,Full Market / Other,
DYNAMATECH-EQ,Full Market / Other,
DYNPRO-EQ,Full Market / Other,
E2E-EQ,Full Market / Other,
EASEMYTRIP-EQ,Full Market / Other,
EBGNG-EQ,Full Market / Other,
ECOSMOBLTY-EQ,Full Market / Other,
EDELWEISS-EQ,Full Market / Other,
EFCIL-EQ,Full Market / Other,
EIEL-EQ,Full Market / Other,
EIFFL-EQ,Full Market / Other,
EIHAHOTELS-EQ,Full Market / Other,
EIMCOELECO-EQ,Full Market / Other,
EKC-EQ,Full Market / Other,
ELANTAS-EQ,Full Market / Other,
ELCIDIN-EQ,Full Market / Other,
ELDEHSG-EQ,Full Market / Other,
ELECTCAST-EQ,Full Market / Other,
ELECTHERM-EQ,Full Market / Other,
ELGIRUBCO-EQ,Full Market / Other,
ELIN-EQ,Full Market / Other,
ELITECON-EQ,Full Market / Other,
ELLEN-EQ,Full Market / Other,
ELPROINTL-EQ,Full Market / Other,
EMAMIPAP-EQ,Full Market / Other,
EMBDL-EQ,Full Market / Other,
EMIL-EQ,Full Market / Other,
EMKAY-EQ,Full Market / Other,
EMMBI-EQ,Full Market / Other,
EMSLIMITED-EQ,Full Market / Other,
EMUDHRA-EQ,Full Market / Other,
ENERGYDEV-EQ,Full Market / Other,
ENIL-EQ,Full Market / Other,
ENTERO-EQ,Full Market / Other,
EPACK-EQ,Full Market / Other,
EPACKPEB-EQ,Full Market / Other,
EPIGRAL-EQ,Full Market / Other,
EPL-EQ,Full Market / Other,
EQUITASBNK-EQ,Full Market / Other,
ESABINDIA-EQ,Full Market / Other,
ESAFSFB-EQ,Full Market / Other,
ESSARSHPNG-EQ,Full Market / Other,
ESTER-EQ,Full Market / Other,
ETHOSLTD-EQ,Full Market / Other,
EUREKAFORB-EQ,Full Market / Other,
EUROBOND-EQ,Full Market / Other,
EUROPRATIK-EQ,Full Market / Other,
EUROTEXIND-EQ,Full Market / Other,
EVEREADY-EQ,Full Market / Other,
EVERESTIND-EQ,Full Market / Other,
EXCELINDUS-EQ,Full Market / Other,
EXCELSOFT-EQ,Full Market / Other,
EXICOM-EQ,Full Market / Other,
EXPLEOSOL-EQ,Full Market / Other,
EXXARO-EQ,Full Market / Other,
FABTECH-EQ,Full Market / Other,
FAIRCHEMOR-EQ,Full Market / Other,
FAZE3Q-EQ,Full Market / Other,
FCL-EQ,Full Market / Other,
FDC-EQ,Full Market / Other,
FEDDERSHOL-EQ,Full Market / Other,
FEDFINA-EQ,Full Market / Other,
FERMENTA-EQ,Full Market / Other,
FIBERWEB-EQ,Full Market / Other,
FIEMIND-EQ,Full Market / Other,
FILATEX-EQ,Full Market / Other,
FINEORG-EQ,Full Market / Other,
FINKURVE-EQ,Full Market / Other,
FINOPB-EQ,Full Market / Other,
FINPIPE-EQ,Full Market / Other,
FISCHER-EQ,Full Market / Other,
FLAIR-EQ,Full Market / Other,
FLEXITUFF-EQ,Full Market / Other,
FMGOETZE-EQ,Full Market / Other,
FOCUS-EQ,Full Market / Other,
FOODSIN-EQ,Full Market / Other,
FOSECOIND-EQ,Full Market / Other,
FRACTAL-EQ,Full Market / Other,
FRONTSP-EQ,Full Market / Other,
FUSION-EQ,Full Market / Other,
GAEL-EQ,Full Market / Other,
GALAPREC-EQ,Full Market / Other,
GALAXYSURF-EQ,Full Market / Other,
GANDHAR-EQ,Full Market / Other,
GANDHITUBE-EQ,Full Market / Other,
GANECOS-EQ,Full Market / Other,
GANESHBE-EQ,Full Market / Other,
GANESHCP-EQ,Full Market / Other,
GANESHHOU-EQ,Full Market / Other,
GANGAFORGE-EQ,Full Market / Other,
GANGESSECU-EQ,Full Market / Other,
GARFIBRES-EQ,Full Market / Other,
GARUDA-EQ,Full Market / Other,
GATECH-EQ,Full Market / Other,
GATECHDVR-EQ,Full Market / Other,
GATEWAY-EQ,Full Market / Other,
GAYAHWS-EQ,Full Market / Other,
GCSL-EQ,Full Market / Other,
GEECEE-EQ,Full Market / Other,
GEEKAYWIRE-EQ,Full Market / Other,
GENCON-EQ,Full Market / Other,
GENESYS-EQ,Full Market / Other,
GENUSPAPER-EQ,Full Market / Other,
GENUSPOWER-EQ,Full Market / Other,
GEOJITFSL-EQ,Full Market / Other,
GFLLIMITED-EQ,Full Market / Other,
GHCL-EQ,Full Market / Other,
GHCLTEXTIL-EQ,Full Market / Other,
GICHSGFIN-EQ,Full Market / Other,
GICL-EQ,Full Market / Other,
GILLANDERS-EQ,Full Market / Other,
GINNIFILA-EQ,Full Market / Other,
GIPCL-EQ,Full Market / Other,
GKENERGY-EQ,Full Market / Other,
GKSL-EQ,Full Market / Other,
GKWLIMITED-EQ,Full Market / Other,
GLOBAL-EQ,Full Market / Other,
GLOBALVECT-EQ,Full Market / Other,
GLOBE-EQ,Full Market / Other,
GLOBUSSPR-EQ,Full Market / Other,
GLOSTERLTD-EQ,Full Market / Other,
GMBREW-EQ,Full Market / Other,
GMMPFAUDLR-EQ,Full Market / Other,
GMRP&UI-EQ,Full Market / Other,
GNA-EQ,Full Market / Other,
GNFC-EQ,Full Market / Other,
GNRL-EQ,Full Market / Other,
GOACARBON-EQ,Full Market / Other,
GOCLCORP-EQ,Full Market / Other,
GOCOLORS-EQ,Full Market / Other,
GODAVARIB-EQ,Full Market / Other,
GODREJAGRO-EQ,Full Market / Other,
GOKEX-EQ,Full Market / Other,
GOKUL-EQ,Full Market / Other,
GOKULAGRO-EQ,Full Market / Other,
GOLDIAM-EQ,Full Market / Other,
GOLDTECH-EQ,Full Market / Other,
GOODLUCK-EQ,Full Market / Other,
GOODYEAR-EQ,Full Market / Other,
GOPAL-EQ,Full Market / Other,
GOYALALUM-EQ,Full Market / Other,
GPPL-EQ,Full Market / Other,
GPTHEALTH-EQ,Full Market / Other,
GPTINFRA-EQ,Full Market / Other,
GRADIENTE-EQ,Full Market / Other,
GRANDOAK-EQ,Full Market / Other,
GRAUWEIL-EQ,Full Market / Other,
GRAVISSHO-EQ,Full Market / Other,
GREAVESCOT-EQ,Full Market / Other,
GREENLAM-EQ,Full Market / Other,
GREENPANEL-EQ,Full Market / Other,
GREENPLY-EQ,Full Market / Other,
GREENPOWER-EQ,Full Market / Other,
GRINDWELL-EQ,Full Market / Other,
GRINFRA-EQ,Full Market / Other,
GRMOVER-EQ,Full Market / Other,
GROBTEA-EQ,Full Market / Other,
GRPLTD-EQ,Full Market / Other,
GRWRHITECH-EQ,Full Market / Other,
GSFC-EQ,Full Market / Other,
GSLSU-EQ,Full Market / Other,
GSPCROP-EQ,Full Market / Other,
GTECJAINX-EQ,Full Market / Other,
GTL-EQ,Full Market / Other,
GTLINFRA-EQ,Full Market / Other,
GTPL-EQ,Full Market / Other,
GUFICBIO-EQ,Full Market / Other,
GUJALKALI-EQ,Full Market / Other,
GUJAPOLLO-EQ,Full Market / Other,
GUJGASLTD-EQ,Full Market / Other,
GUJRAFFIA-EQ,Full Market / Other,
GUJTHEM-EQ,Full Market / Other,
GULFOILLUB-EQ,Full Market / Other,
GULFPETRO-EQ,Full Market / Other,
GULPOLY-EQ,Full Market / Other,
GVPIL-EQ,Full Market / Other,
GVPTECH-EQ,Full Market / Other,
HALDER-EQ,Full Market / Other,
HALDYNGL-EQ,Full Market / Other,
HALEOSLABS-EQ,Full Market / Other,
HAPPSTMNDS-EQ,Full Market / Other,
HAPPYFORGE-EQ,Full Market / Other,
HARDWYN-EQ,Full Market / Other,
HARIOMPIPE-EQ,Full Market / Other,
HARRMALAYA-EQ,Full Market / Other,
HARSHA-EQ,Full Market / Other,
HATHWAY-EQ,Full Market / Other,
HATSUN-EQ,Full Market / Other,
HAVISHA-EQ,Full Market / Other,
HAWKINCOOK-EQ,Full Market / Other,
HBESD-EQ,Full Market / Other,
HCC-EQ,Full Market / Other,
HCG-EQ,Full Market / Other,
HCL-INSYS-EQ,Full Market / Other,
HEADSUP-EQ,Full Market / Other,
HEALTHX-EQ,Full Market / Other,
HECPROJECT-EQ,Full Market / Other,
HEIDELBERG-EQ,Full Market / Other,
HEMIPROP-EQ,Full Market / Other,
HERANBA-EQ,Full Market / Other,
HERITGFOOD-EQ,Full Market / Other,
HESTERBIO-EQ,Full Market / Other,
HEXATRADEX-EQ,Full Market / Other,
HGINFRA-EQ,Full Market / Other,
HGM-EQ,Full Market / Other,
HGS-EQ,Full Market / Other,
HIKAL-EQ,Full Market / Other,
HIMATSEIDE-EQ,Full Market / Other,
HINDCOMPOS-EQ,Full Market / Other,
HINDOILEXP-EQ,Full Market / Other,
HINDWAREAP-EQ,Full Market / Other,
HIRECT-EQ,Full Market / Other,
HISARMETAL-EQ,Full Market / Other,
HITECH-EQ,Full Market / Other,
HITECHCORP-EQ,Full Market / Other,
HLEGLAS-EQ,Full Market / Other,
HLVLTD-EQ,Full Market / Other,
HMAAGRO-EQ,Full Market / Other,
HMVL-EQ,Full Market / Other,
HNDFDS-EQ,Full Market / Other,
HONDAPOWER-EQ,Full Market / Other,
HPAL-EQ,Full Market / Other,
HPIL-EQ,Full Market / Other,
HPL-EQ,Full Market / Other,
HTMEDIA-EQ,Full Market / Other,
HUBTOWN-EQ,Full Market / Other,
HUHTAMAKI-EQ,Full Market / Other,
HYBRIDFIN-EQ,Full Market / Other,
ICDSLTD-EQ,Full Market / Other,
ICEMAKE-EQ,Full Market / Other,
ICIL-EQ,Full Market / Other,
ICRA-EQ,Full Market / Other,
IFBIND-EQ,Full Market / Other,
IFGLEXPOR-EQ,Full Market / Other,
IGARASHI-EQ,Full Market / Other,
IGCL-EQ,Full Market / Other,
IGPL-EQ,Full Market / Other,
IIFLCAPS-EQ,Full Market / Other,
IITL-EQ,Full Market / Other,
IKIO-EQ,Full Market / Other,
IMAGICAA-EQ,Full Market / Other,
IMFA-EQ,Full Market / Other,
IMPAL-EQ,Full Market / Other,
INA-EQ,Full Market / Other,
INCREDIBLE-EQ,Full Market / Other,
INDBANK-EQ,Full Market / Other,
INDIAGLYCO-EQ,Full Market / Other,
INDIANCARD-EQ,Full Market / Other,
INDIANHUME-EQ,Full Market / Other,
INDIASHLTR-EQ,Full Market / Other,
INDIGOPNTS-EQ,Full Market / Other,
INDIQUBE-EQ,Full Market / Other,
INDNIPPON-EQ,Full Market / Other,
INDOAMIN-EQ,Full Market / Other,
INDOBORAX-EQ,Full Market / Other,
INDOCO-EQ,Full Market / Other,
INDOFARM-EQ,Full Market / Other,
INDORAMA-EQ,Full Market / Other,
INDOSTAR-EQ,Full Market / Other,
INDOTHAI-EQ,Full Market / Other,
INDOUS-EQ,Full Market / Other,
INDPRUD-EQ,Full Market / Other,
INDRAMEDCO-EQ,Full Market / Other,
INDSWFTLAB-EQ,Full Market / Other,
INDTERRAIN-EQ,Full Market / Other,
INFOBEAN-EQ,Full Market / Other,
INFOMEDIA-EQ,Full Market / Other,
INGERRAND-EQ,Full Market / Other,
INNOVACAP-EQ,Full Market / Other,
INNOVANA-EQ,Full Market / Other,
INNOVISION-EQ,Full Market / Other,
INOXGREEN-EQ,Full Market / Other,
INOXINDIA-EQ,Full Market / Other,
INSECTICID-EQ,Full Market / Other,
INTENTECH-EQ,Full Market / Other,
INTERARCH-EQ,Full Market / Other,
INTLCONV-EQ,Full Market / Other,
INVENTURE-EQ,Full Market / Other,
INVPRECQ-EQ,Full Market / Other,
IOLCP-EQ,Full Market / Other,
IONEXCHANG-EQ,Full Market / Other,
IPL-EQ,Full Market / Other,
IRIS-EQ,Full Market / Other,
IRISDOREME-EQ,Full Market / Other,
IRMENERGY-EQ,Full Market / Other,
ISFT-EQ,Full Market / Other,
ISGEC-EQ,Full Market / Other,
ISHANCH-EQ,Full Market / Other,
ITDC-EQ,Full Market / Other,
IVALUE-EQ,Full Market / Other,
IVC-EQ,Full Market / Other,
IVP-EQ,Full Market / Other,
IWP-EQ,Full Market / Other,
IXIGO-EQ,Full Market / Other,
IZMO-EQ,Full Market / Other,
JAGRAN-EQ,Full Market / Other,
JAGSNPHARM-EQ,Full Market / Other,
JAICORPLTD-EQ,Full Market / Other,
JAIPURKURT-EQ,Full Market / Other,
JAMNAAUTO-EQ,Full Market / Other,
JARO-EQ,Full Market / Other,
JASH-EQ,Full Market / Other,
JAYAGROGN-EQ,Full Market / Other,
JAYBARMARU-EQ,Full Market / Other,
JAYKAY-EQ,Full Market / Other,
JAYNECOIND-EQ,Full Market / Other,
JAYSREETEA-EQ,Full Market / Other,
JETFREIGHT-EQ,Full Market / Other,
JGCHEM-EQ,Full Market / Other,
JHS-EQ,Full Market / Other,
JINDALPHOT-EQ,Full Market / Other,
JINDALPOLY-EQ,Full Market / Other,
JINDRILL-EQ,Full Market / Other,
JINDWORLD-EQ,Full Market / Other,
JISLDVREQS-EQ,Full Market / Other,
JISLJALEQS-EQ,Full Market / Other,
JKIL-EQ,Full Market / Other,
JKLAKSHMI-EQ,Full Market / Other,
JKPAPER-EQ,Full Market / Other,
JLHL-EQ,Full Market / Other,
JMA-EQ,Full Market / Other,
JNKINDIA-EQ,Full Market / Other,
JOCIL-EQ,Full Market / Other,
JPOLYINVST-EQ,Full Market / Other,
JSFB-EQ,Full Market / Other,
JSLL-EQ,Full Market / Other,
JSWHL-EQ,Full Market / Other,
JTEKTINDIA-EQ,Full Market / Other,
JTLIND-EQ,Full Market / Other,
JUBLCPL-EQ,Full Market / Other,
JUNIPER-EQ,Full Market / Other,
JUSTDIAL-EQ,Full Market / Other,
JYOTHYLAB-EQ,Full Market / Other,
JYOTISTRUC-EQ,Full Market / Other,
KABRAEXTRU-EQ,Full Market / Other,
KALAMANDIR-EQ,Full Market / Other,
KALPATARU-EQ,Full Market / Other,
KALYANIFRG-EQ,Full Market / Other,
KAMAHOLD-EQ,Full Market / Other,
KAMATHOTEL-EQ,Full Market / Other,
KAMDHENU-EQ,Full Market / Other,
KAMOPAINTS-EQ,Full Market / Other,
KANANIIND-EQ,Full Market / Other,
KANPRPLA-EQ,Full Market / Other,
KANSAINER-EQ,Full Market / Other,
KAPSTON-EQ,Full Market / Other,
KARMAENG-EQ,Full Market / Other,
KAUSHALYA-EQ,Full Market / Other,
KAVDEFENCE-EQ,Full Market / Other,
KAYA-EQ,Full Market / Other,
KCP-EQ,Full Market / Other,
KCPSUGIND-EQ,Full Market / Other,
KDDL-EQ,Full Market / Other,
KEEPLEARN-EQ,Full Market / Other,
KELLTONTEC-EQ,Full Market / Other,
KENNAMET-EQ,Full Market / Other,
KERNEX-EQ,Full Market / Other,
KEYFINSERV-EQ,Full Market / Other,
KHADIM-EQ,Full Market / Other,
KHANDSE-EQ,Full Market / Other,
KICL-EQ,Full Market / Other,
KILITCH-EQ,Full Market / Other,
KINGFA-EQ,Full Market / Other,
KIOCL-EQ,Full Market / Other,
KIRANVYPAR-EQ,Full Market / Other,
KIRIINDUS-EQ,Full Market / Other,
KIRLFER-EQ,Full Market / Other,
KIRLOSBROS-EQ,Full Market / Other,
KIRLOSIND-EQ,Full Market / Other,
KIRLPNU-EQ,Full Market / Other,
KISSHT-EQ,Full Market / Other,
KITEX-EQ,Full Market / Other,
KKCL-EQ,Full Market / Other,
KLBRENG-B-EQ,Full Market / Other,
KMEW-EQ,Full Market / Other,
KMSUGAR-EQ,Full Market / Other,
KNAGRI-EQ,Full Market / Other,
KNRCON-EQ,Full Market / Other,
KOHINOOR-EQ,Full Market / Other,
KOKUYOCMLN-EQ,Full Market / Other,
KOLTEPATIL-EQ,Full Market / Other,
KOPRAN-EQ,Full Market / Other,
KOTARISUG-EQ,Full Market / Other,
KOTHARIPET-EQ,Full Market / Other,
KOTHARIPRO-EQ,Full Market / Other,
KOTIC-EQ,Full Market / Other,
KOTYARK-EQ,Full Market / Other,
KOVAI-EQ,Full Market / Other,
KPEL-EQ,Full Market / Other,
KPIGREEN-EQ,Full Market / Other,
KPL-EQ,Full Market / Other,
KRBL-EQ,Full Market / Other,
KREBSBIO-EQ,Full Market / Other,
KRIDHANINF-EQ,Full Market / Other,
KRISHANA-EQ,Full Market / Other,
KRISHIVAL-EQ,Full Market / Other,
KRISHNADEF-EQ,Full Market / Other,
KRITIKA-EQ,Full Market / Other,
KRONOX-EQ,Full Market / Other,
KROSS-EQ,Full Market / Other,
KRSNAA-EQ,Full Market / Other,
KRYSTAL-EQ,Full Market / Other,
KSB-EQ,Full Market / Other,
KSCL-EQ,Full Market / Other,
KSHINTL-EQ,Full Market / Other,
KSL-EQ,Full Market / Other,
KSOLVES-EQ,Full Market / Other,
KTKBANK-EQ,Full Market / Other,
KUANTUM-EQ,Full Market / Other,
KWIL-EQ,Full Market / Other,
LAGNAM-EQ,Full Market / Other,
LAHOTIOV-EQ,Full Market / Other,
LAL-EQ,Full Market / Other,
LAMBODHARA-EQ,Full Market / Other,
LANCORHOL-EQ,Full Market / Other,
LANDMARK-EQ,Full Market / Other,
LANDSMILL-EQ,Full Market / Other,
LAOPALA-EQ,Full Market / Other,
LASA-EQ,Full Market / Other,
LAXMICOT-EQ,Full Market / Other,
LAXMIDENTL-EQ,Full Market / Other,
LEMERITE-EQ,Full Market / Other,
LEXUS-EQ,Full Market / Other,
LFIC-EQ,Full Market / Other,
LGBBROSLTD-EQ,Full Market / Other,
LGHL-EQ,Full Market / Other,
LIBAS-EQ,Full Market / Other,
LIBERTSHOE-EQ,Full Market / Other,
LINC-EQ,Full Market / Other,
LINCOLN-EQ,Full Market / Other,
LLOYDSENGG-EQ,Full Market / Other,
LLOYDSENT-EQ,Full Market / Other,
LMW-EQ,Full Market / Other,
LORDSCHLO-EQ,Full Market / Other,
LOTUSDEV-EQ,Full Market / Other,
LOTUSEYE-EQ,Full Market / Other,
LOVABLE-EQ,Full Market / Other,
LPDC-EQ,Full Market / Other,
LUMAXIND-EQ,Full Market / Other,
LUMAXTECH-EQ,Full Market / Other,
LUXIND-EQ,Full Market / Other,
LXCHEM-EQ,Full Market / Other,
LYKALABS-EQ,Full Market / Other,
LYPSAGEMS-EQ,Full Market / Other,
MAANALU-EQ,Full Market / Other,
MACPOWER-EQ,Full Market / Other,
MADHAV-EQ,Full Market / Other,
MADHAVIPL-EQ,Full Market / Other,
MADHUCON-EQ,Full Market / Other,
MADRASFERT-EQ,Full Market / Other,
MAFATIND-EQ,Full Market / Other,
MAGADSUGAR-EQ,Full Market / Other,
MAGNUM-EQ,Full Market / Other,
MAHAPEXLTD-EQ,Full Market / Other,
MAHEPC-EQ,Full Market / Other,
MAHESHWARI-EQ,Full Market / Other,
MAHLIFE-EQ,Full Market / Other,
MAHLOG-EQ,Full Market / Other,
MAHSCOOTER-EQ,Full Market / Other,
MAHSEAMLES-EQ,Full Market / Other,
MAITHANALL-EQ,Full Market / Other,
MAJESAUT-EQ,Full Market / Other,
MALLCOM-EQ,Full Market / Other,
MALUPAPER-EQ,Full Market / Other,
MAMATA-EQ,Full Market / Other,
MANAKALUCO-EQ,Full Market / Other,
MANAKCOAT-EQ,Full Market / Other,
MANAKSIA-EQ,Full Market / Other,
MANALIPETC-EQ,Full Market / Other,
MANBA-EQ,Full Market / Other,
MANCREDIT-EQ,Full Market / Other,
MANGLMCEM-EQ,Full Market / Other,
MANINDS-EQ,Full Market / Other,
MANINFRA-EQ,Full Market / Other,
MANOMAY-EQ,Full Market / Other,
MANORAMA-EQ,Full Market / Other,
MANUGRAPH-EQ,Full Market / Other,
MANYAVAR-EQ,Full Market / Other,
MARATHON-EQ,Full Market / Other,
MARINE-EQ,Full Market / Other,
MARKOLINES-EQ,Full Market / Other,
MARKSANS-EQ,Full Market / Other,
MARSONS-EQ,Full Market / Other,
MASFIN-EQ,Full Market / Other,
MASTEK-EQ,Full Market / Other,
MASTERTR-EQ,Full Market / Other,
MATRIMONY-EQ,Full Market / Other,
MAXESTATES-EQ,Full Market / Other,
MAXIND-EQ,Full Market / Other,
MAYURUNIQ-EQ,Full Market / Other,
MAZDA-EQ,Full Market / Other,
MBAPL-EQ,Full Market / Other,
MBEL-EQ,Full Market / Other,
MBLINFRA-EQ,Full Market / Other,
MCCHRLS-B-EQ,Full Market / Other,
MCLOUD-EQ,Full Market / Other,
MEDIASSIST-EQ,Full Market / Other,
MEDICAMEQ-EQ,Full Market / Other,
MEDICO-EQ,Full Market / Other,
MEDPLUS-EQ,Full Market / Other,
MEGASTAR-EQ,Full Market / Other,
MENNPIS-EQ,Full Market / Other,
MENONBE-EQ,Full Market / Other,
MERCANTILE-EQ,Full Market / Other,
METROBRAND-EQ,Full Market / Other,
METROGLOBL-EQ,Full Market / Other,
METROPOLIS-EQ,Full Market / Other,
MFML-EQ,Full Market / Other,
MGEL-EQ,Full Market / Other,
MHLXMIRU-EQ,Full Market / Other,
MHRIL-EQ,Full Market / Other,
MICEL-EQ,Full Market / Other,
MIDHANI-EQ,Full Market / Other,
MIDWESTLTD-EQ,Full Market / Other,
MINDTECK-EQ,Full Market / Other,
MIRZAINT-EQ,Full Market / Other,
MITCON-EQ,Full Market / Other,
MITTAL-EQ,Full Market / Other,
MKPL-EQ,Full Market / Other,
MMFL-EQ,Full Market / Other,
MMP-EQ,Full Market / Other,
MOBIKWIK-EQ,Full Market / Other,
MODIRUBBER-EQ,Full Market / Other,
MODIS-EQ,Full Market / Other,
MODISONLTD-EQ,Full Market / Other,
MODTHREAD-EQ,Full Market / Other,
MOHITIND-EQ,Full Market / Other,
MOIL-EQ,Full Market / Other,
MOKSH-EQ,Full Market / Other,
MOL-EQ,Full Market / Other,
MOLDTECH-EQ,Full Market / Other,
MOLDTKPAC-EQ,Full Market / Other,
MONARCH-EQ,Full Market / Other,
MONEYBOXX-EQ,Full Market / Other,
MONTECARLO-EQ,Full Market / Other,
MOREPENLAB-EQ,Full Market / Other,
MOSCHIP-EQ,Full Market / Other,
MOTISONS-EQ,Full Market / Other,
MOTOGENFIN-EQ,Full Market / Other,
MPSLTD-EQ,Full Market / Other,
MSPL-EQ,Full Market / Other,
MSTCLTD-EQ,Full Market / Other,
MTARTECH-EQ,Full Market / Other,
MTNL-EQ,Full Market / Other,
MUFIN-EQ,Full Market / Other,
MUFTI-EQ,Full Market / Other,
MUKANDLTD-EQ,Full Market / Other,
MUKKA-EQ,Full Market / Other,
MUKTAARTS-EQ,Full Market / Other,
MUNJALAU-EQ,Full Market / Other,
MUNJALSHOW-EQ,Full Market / Other,
MURUDCERA-EQ,Full Market / Other,
MUTHOOTCAP-EQ,Full Market / Other,
MUTHOOTMF-EQ,Full Market / Other,
MVGJL-EQ,Full Market / Other,
MWL-EQ,Full Market / Other,
NACLIND-EQ,Full Market / Other,
NAGREEKEXP-EQ,Full Market / Other,
NAHARCAP-EQ,Full Market / Other,
NAHARINDUS-EQ,Full Market / Other,
NAHARPOLY-EQ,Full Market / Other,
NARMADA-EQ,Full Market / Other,
NATCAPSUQ-EQ,Full Market / Other,
NATHBIOGEN-EQ,Full Market / Other,
NATIONSTD-EQ,Full Market / Other,
NAVKARCORP-EQ,Full Market / Other,
NAVKARURB-EQ,Full Market / Other,
NAVNETEDUL-EQ,Full Market / Other,
NAZARA-EQ,Full Market / Other,
NBIFIN-EQ,Full Market / Other,
NCLIND-EQ,Full Market / Other,
NDGL-EQ,Full Market / Other,
NDL-EQ,Full Market / Other,
NDLVENTURE-EQ,Full Market / Other,
NDRAUTO-EQ,Full Market / Other,
NDTV-EQ,Full Market / Other,
NEAGI-EQ,Full Market / Other,
NECCLTD-EQ,Full Market / Other,
NELCAST-EQ,Full Market / Other,
NELCO-EQ,Full Market / Other,
NEOGEN-EQ,Full Market / Other,
NEPHROPLUS-EQ,Full Market / Other,
NESCO-EQ,Full Market / Other,
NETWORK18-EQ,Full Market / Other,
NEXTMEDIA-EQ,Full Market / Other,
NFL-EQ,Full Market / Other,
NGLFINE-EQ,Full Market / Other,
NIBE-EQ,Full Market / Other,
NIBL-EQ,Full Market / Other,
NIITLTD-EQ,Full Market / Other,
NIITMTS-EQ,Full Market / Other,
NILAINFRA-EQ,Full Market / Other,
NILASPACES-EQ,Full Market / Other,
NILE-EQ,Full Market / Other,
NILKAMAL-EQ,Full Market / Other,
NIPPOBATRY-EQ,Full Market / Other,
NIRAJISPAT-EQ,Full Market / Other,
NIRLON-EQ,Full Market / Other,
NITCO-EQ,Full Market / Other,
NITINSPIN-EQ,Full Market / Other,
NITIRAJ-EQ,Full Market / Other,
NITTAGELA-EQ,Full Market / Other,
NKIND-EQ,Full Market / Other,
NOCIL-EQ,Full Market / Other,
NORBTEAEXP-EQ,Full Market / Other,
NORTHARC-EQ,Full Market / Other,
NOVAAGRI-EQ,Full Market / Other,
NOVARTIND-EQ,Full Market / Other,
NPST-EQ,Full Market / Other,
NRAIL-EQ,Full Market / Other,
NRBBEARING-EQ,Full Market / Other,
NRL-EQ,Full Market / Other,
NSIL-EQ,Full Market / Other,
NUCLEUS-EQ,Full Market / Other,
NURECA-EQ,Full Market / Other,
OAL-EQ,Full Market / Other,
OBCL-EQ,Full Market / Other,
OCCLLTD-EQ,Full Market / Other,
ODIGMA-EQ,Full Market / Other,
OMAXE-EQ,Full Market / Other,
OMFREIGHT-EQ,Full Market / Other,
OMINFRAL-EQ,Full Market / Other,
OMNI-EQ,Full Market / Other,
OMPOWER-EQ,Full Market / Other,
ONEPOINT-EQ,Full Market / Other,
ONMOBILE-EQ,Full Market / Other,
ONWARDTEC-EQ,Full Market / Other,
OPTIEMUS-EQ,Full Market / Other,
ORBTEXP-EQ,Full Market / Other,
ORCHASP-EQ,Full Market / Other,
ORCHPHARMA-EQ,Full Market / Other,
ORICONENT-EQ,Full Market / Other,
ORIENTALTL-EQ,Full Market / Other,
ORIENTBELL-EQ,Full Market / Other,
ORIENTCEM-EQ,Full Market / Other,
ORIENTCER-EQ,Full Market / Other,
ORIENTELEC-EQ,Full Market / Other,
ORIENTHOT-EQ,Full Market / Other,
ORIENTLTD-EQ,Full Market / Other,
ORIENTPPR-EQ,Full Market / Other,
ORIENTTECH-EQ,Full Market / Other,
ORISSAMINE-EQ,Full Market / Other,
ORKLAINDIA-EQ,Full Market / Other,
ORTINGLOBE-EQ,Full Market / Other,
OSWALGREEN-EQ,Full Market / Other,
OSWALPUMPS-EQ,Full Market / Other,
OSWALSEEDS-EQ,Full Market / Other,
PACEDIGITK-EQ,Full Market / Other,
PAISALO-EQ,Full Market / Other,
PAKKA-EQ,Full Market / Other,
PALASHSECU-EQ,Full Market / Other,
PANACEABIO-EQ,Full Market / Other,
PANACHE-EQ,Full Market / Other,
PANAMAPET-EQ,Full Market / Other,
PANSARI-EQ,Full Market / Other,
PAR-EQ,Full Market / Other,
PARACABLES-EQ,Full Market / Other,
PARAGMILK-EQ,Full Market / Other,
PARAS-EQ,Full Market / Other,
PARASPETRO-EQ,Full Market / Other,
PARKHOSPS-EQ,Full Market / Other,
PARKHOTELS-EQ,Full Market / Other,
PASHUPATI-EQ,Full Market / Other,
PASUPTAC-EQ,Full Market / Other,
PATELENG-EQ,Full Market / Other,
PATELRMART-EQ,Full Market / Other,
PATINTLOG-EQ,Full Market / Other,
PAUSHAKLTD-EQ,Full Market / Other,
PCJEWELLER-EQ,Full Market / Other,
PDMJEPAPER-EQ,Full Market / Other,
PDSL-EQ,Full Market / Other,
PENIND-EQ,Full Market / Other,
PFS-EQ,Full Market / Other,
PGHH-EQ,Full Market / Other,
PGHL-EQ,Full Market / Other,
PGIL-EQ,Full Market / Other,
PICCADIL-EQ,Full Market / Other,
PIGL-EQ,Full Market / Other,
PILANIINVS-EQ,Full Market / Other,
PIONEEREMB-EQ,Full Market / Other,
PIONRINV-EQ,Full Market / Other,
PITTIENG-EQ,Full Market / Other,
PIXTRANS-EQ,Full Market / Other,
PKTEA-EQ,Full Market / Other,
PLASTIBLEN-EQ,Full Market / Other,
PLATIND-EQ,Full Market / Other,
PML-EQ,Full Market / Other,
PNBGILTS-EQ,Full Market / Other,
PNC-EQ,Full Market / Other,
PNCINFRA-EQ,Full Market / Other,
PNGJL-EQ,Full Market / Other,
PNGSREVA-EQ,Full Market / Other,
POCL-EQ,Full Market / Other,
PODDARMENT-EQ,Full Market / Other,
POKARNA-EQ,Full Market / Other,
POLYPLEX-EQ,Full Market / Other,
PONNIERODE-EQ,Full Market / Other,
POWERICA-EQ,Full Market / Other,
POWERMECH-EQ,Full Market / Other,
PPAP-EQ,Full Market / Other,
PPL-EQ,Full Market / Other,
PRABHA-EQ,Full Market / Other,
PRADPME-EQ,Full Market / Other,
PRAENG-EQ,Full Market / Other,
PRAJIND-EQ,Full Market / Other,
PRAKASH-EQ,Full Market / Other,
PRAKASHSTL-EQ,Full Market / Other,
PRAVEG-EQ,Full Market / Other,
PRECAM-EQ,Full Market / Other,
PRECOT-EQ,Full Market / Other,
PRECWIRE-EQ,Full Market / Other,
PREMCO-EQ,Full Market / Other,
PREMEXPLN-EQ,Full Market / Other,
PRICOLLTD-EQ,Full Market / Other,
PRIMESECU-EQ,Full Market / Other,
PRIMO-EQ,Full Market / Other,
PRINCEPIPE-EQ,Full Market / Other,
PRITI-EQ,Full Market / Other,
PRITIKAUTO-EQ,Full Market / Other,
PRIVISCL-EQ,Full Market / Other,
PROSTARM-EQ,Full Market / Other,
PROTEAN-EQ,Full Market / Other,
PROZONER-EQ,Full Market / Other,
PRSMJOHNSN-EQ,Full Market / Other,
PRUDENT-EQ,Full Market / Other,
PRUDMOULI-EQ,Full Market / Other,
PSB-EQ,Full Market / Other,
PSPPROJECT-EQ,Full Market / Other,
PTC-EQ,Full Market / Other,
PTL-EQ,Full Market / Other,
PUNJABCHEM-EQ,Full Market / Other,
PURVA-EQ,Full Market / Other,
PVP-EQ,Full Market / Other,
PVSL-EQ,Full Market / Other,
PYRAMID-EQ,Full Market / Other,
QUADFUTURE-EQ,Full Market / Other,
QUESS-EQ,Full Market / Other,
QUICKHEAL-EQ,Full Market / Other,
QUINT-EQ,Full Market / Other,
RACLGEAR-EQ,Full Market / Other,
RADAAN-EQ,Full Market / Other,
RADHIKAJWE-EQ,Full Market / Other,
RADIANTCMS-EQ,Full Market / Other,
RADIOCITY-EQ,Full Market / Other,
RAIN-EQ,Full Market / Other,
RAJMET-EQ,Full Market / Other,
RAJOOENG-EQ,Full Market / Other,
RAJPALAYAM-EQ,Full Market / Other,
RAJRATAN-EQ,Full Market / Other,
RAJSREESUG-EQ,Full Market / Other,
RAJTV-EQ,Full Market / Other,
RALLIS-EQ,Full Market / Other,
RAMANEWS-EQ,Full Market / Other,
RAMAPHO-EQ,Full Market / Other,
RAMASTEEL-EQ,Full Market / Other,
RAMCOIND-EQ,Full Market / Other,
RAMCOSYS-EQ,Full Market / Other,
RAMKY-EQ,Full Market / Other,
RAMRAT-EQ,Full Market / Other,
RANASUG-EQ,Full Market / Other,
RANEHOLDIN-EQ,Full Market / Other,
RATEGAIN-EQ,Full Market / Other,
RATNAMANI-EQ,Full Market / Other,
RATNAVEER-EQ,Full Market / Other,
RAYMOND-EQ,Full Market / Other,
RAYMONDLSL-EQ,Full Market / Other,
RAYMONDREL-EQ,Full Market / Other,
RBA-EQ,Full Market / Other,
RBZJEWEL-EQ,Full Market / Other,
RCF-EQ,Full Market / Other,
REDTAPE-EQ,Full Market / Other,
REFEX-EQ,Full Market / Other,
REGENCERAM-EQ,Full Market / Other,
RELAXO-EQ,Full Market / Other,
RELCHEMQ-EQ,Full Market / Other,
RELIABLE-EQ,Full Market / Other,
RELIGARE-EQ,Full Market / Other,
RELTD-EQ,Full Market / Other,
REMSONSIND-EQ,Full Market / Other,
RENUKA-EQ,Full Market / Other,
REPCOHOME-EQ,Full Market / Other,
REPL-EQ,Full Market / Other,
REPRO-EQ,Full Market / Other,
RESPONIND-EQ,Full Market / Other,
RETAIL-EQ,Full Market / Other,
RGL-EQ,Full Market / Other,
RHETAN-EQ,Full Market / Other,
RHL-EQ,Full Market / Other,
RICOAUTO-EQ,Full Market / Other,
RIIL-EQ,Full Market / Other,
RISHABH-EQ,Full Market / Other,
RITCO-EQ,Full Market / Other,
RKDL-EQ,Full Market / Other,
RKEC-EQ,Full Market / Other,
RKSWAMY-EQ,Full Market / Other,
RMDRIP-EQ,Full Market / Other,
RML-EQ,Full Market / Other,
RNBDENIMS-EQ,Full Market / Other,
ROHLTD-EQ,Full Market / Other,
ROLEXRINGS-EQ,Full Market / Other,
ROML-EQ,Full Market / Other,
ROSSARI-EQ,Full Market / Other,
ROSSELLIND-EQ,Full Market / Other,
ROSSTECH-EQ,Full Market / Other,
ROTO-EQ,Full Market / Other,
ROUTE-EQ,Full Market / Other,
RPEL-EQ,Full Market / Other,
RPGLIFE-EQ,Full Market / Other,
RPPINFRA-EQ,Full Market / Other,
RPPL-EQ,Full Market / Other,
RPSGVENT-EQ,Full Market / Other,
RPTECH-EQ,Full Market / Other,
RRIL-EQ,Full Market / Other,
RSDFIN-EQ,Full Market / Other,
RSL-EQ,Full Market / Other,
RSWM-EQ,Full Market / Other,
RSYSTEMS-EQ,Full Market / Other,
RTNINDIA-EQ,Full Market / Other,
RTNPOWER-EQ,Full Market / Other,
RUBFILA-EQ,Full Market / Other,
RUBICON-EQ,Full Market / Other,
RUBYMILLS-EQ,Full Market / Other,
RUCHINFRA-EQ,Full Market / Other,
RUCHIRA-EQ,Full Market / Other,
RUPA-EQ,Full Market / Other,
RUSHIL-EQ,Full Market / Other,
RUSTOMJEE-EQ,Full Market / Other,
RVHL-EQ,Full Market / Other,
RVTH-EQ,Full Market / Other,
SAATVIKGL-EQ,Full Market / Other,
SADBHIN-EQ,Full Market / Other,
SAFARI-EQ,Full Market / Other,
SAGARDEEP-EQ,Full Market / Other,
SAGCEM-EQ,Full Market / Other,
SAHLIBHFI-EQ,Full Market / Other,
SAHYADRI-EQ,Full Market / Other,
SAIPARENT-EQ,Full Market / Other,
SAKAR-EQ,Full Market / Other,
SAKHTISUG-EQ,Full Market / Other,
SAKSOFT-EQ,Full Market / Other,
SALASAR-EQ,Full Market / Other,
SALONA-EQ,Full Market / Other,
SALZERELEC-EQ,Full Market / Other,
SAMBHAAV-EQ,Full Market / Other,
SAMBHV-EQ,Full Market / Other,
SAMHI-EQ,Full Market / Other,
SAMPANN-EQ,Full Market / Other,
SANATHAN-EQ,Full Market / Other,
SANDESH-EQ,Full Market / Other,
SANDHAR-EQ,Full Market / Other,
SANDUMA-EQ,Full Market / Other,
SANGAMIND-EQ,Full Market / Other,
SANGHVIMOV-EQ,Full Market / Other,
SANOFI-EQ,Full Market / Other,
SANOFICONR-EQ,Full Market / Other,
SANSERA-EQ,Full Market / Other,
SANSTAR-EQ,Full Market / Other,
SAPPL-EQ,Full Market / Other,
SARLAPOLY-EQ,Full Market / Other,
SASKEN-EQ,Full Market / Other,
SATIA-EQ,Full Market / Other,
SATIN-EQ,Full Market / Other,
SAURASHCEM-EQ,Full Market / Other,
SAYAJIHOTL-EQ,Full Market / Other,
SBC-EQ,Full Market / Other,
SBCL-EQ,Full Market / Other,
SBGLP-EQ,Full Market / Other,
SCANSTL-EQ,Full Market / Other,
SCHAND-EQ,Full Market / Other,
SCILAL-EQ,Full Market / Other,
SCODATUBES-EQ,Full Market / Other,
SDBL-EQ,Full Market / Other,
SEAMECLTD-EQ,Full Market / Other,
SECMARK-EQ,Full Market / Other,
SECURKLOUD-EQ,Full Market / Other,
SEDEMAC-EQ,Full Market / Other,
SEIL-EQ,Full Market / Other,
SELMC-EQ,Full Market / Other,
SENCO-EQ,Full Market / Other,
SENORES-EQ,Full Market / Other,
SEPC-EQ,Full Market / Other,
SERVOTECH-EQ,Full Market / Other,
SESHAPAPER-EQ,Full Market / Other,
SETL-EQ,Full Market / Other,
SFL-EQ,Full Market / Other,
SGFIN-EQ,Full Market / Other,
SGIL-EQ,Full Market / Other,
SGL-EQ,Full Market / Other,
SGMART-EQ,Full Market / Other,
SHADOWFAX-EQ,Full Market / Other,
SHAH-EQ,Full Market / Other,
SHAHALLOYS-EQ,Full Market / Other,
SHAILY-EQ,Full Market / Other,
SHAKTIPUMP-EQ,Full Market / Other,
SHALBY-EQ,Full Market / Other,
SHALPAINTS-EQ,Full Market / Other,
SHANTI-EQ,Full Market / Other,
SHANTIGEAR-EQ,Full Market / Other,
SHANTIGOLD-EQ,Full Market / Other,
SHARDACROP-EQ,Full Market / Other,
SHARDAMOTR-EQ,Full Market / Other,
SHARDUL-EQ,Full Market / Other,
SHAREINDIA-EQ,Full Market / Other,
SHBAJRG-EQ,Full Market / Other,
SHEMAROO-EQ,Full Market / Other,
SHILCTECH-EQ,Full Market / Other,
SHILPAMED-EQ,Full Market / Other,
SHINDL-EQ,Full Market / Other,
SHIVALIK-EQ,Full Market / Other,
SHIVATEX-EQ,Full Market / Other,
SHIVAUM-EQ,Full Market / Other,
SHK-EQ,Full Market / Other,
SHOPERSTOP-EQ,Full Market / Other,
SHRADHA-EQ,Full Market / Other,
SHREDIGCEM-EQ,Full Market / Other,
SHREEJISPG-EQ,Full Market / Other,
SHREEPUSHK-EQ,Full Market / Other,
SHREERAMA-EQ,Full Market / Other,
SHREYANIND-EQ,Full Market / Other,
SHRIKRISH-EQ,Full Market / Other,
SHRINGARMS-EQ,Full Market / Other,
SHRIPISTON-EQ,Full Market / Other,
SHRIRAMPPS-EQ,Full Market / Other,
SHYAMCENT-EQ,Full Market / Other,
SICAGEN-EQ,Full Market / Other,
SIGIND-EQ,Full Market / Other,
SIGMA-EQ,Full Market / Other,
SIGMAADV-EQ,Full Market / Other,
SIGNPOST-EQ,Full Market / Other,
SIKA-EQ,Full Market / Other,
SIKKO-EQ,Full Market / Other,
SIL-EQ,Full Market / Other,
SILGO-EQ,Full Market / Other,
SILINV-EQ,Full Market / Other,
SILLYMONKS-EQ,Full Market / Other,
SILVERTUC-EQ,Full Market / Other,
SIMPLEXINF-EQ,Full Market / Other,
SINCLAIR-EQ,Full Market / Other,
SINDHUTRAD-EQ,Full Market / Other,
SINGERIND-EQ,Full Market / Other,
SINTERCOM-EQ,Full Market / Other,
SIRCA-EQ,Full Market / Other,
SIS-EQ,Full Market / Other,
SIYSIL-EQ,Full Market / Other,
SJS-EQ,Full Market / Other,
SKFINDIA-EQ,Full Market / Other,
SKFINDUS-EQ,Full Market / Other,
SKIPPER-EQ,Full Market / Other,
SKMEGGPROD-EQ,Full Market / Other,
SKYGOLD-EQ,Full Market / Other,
SMARTWORKS-EQ,Full Market / Other,
SMCGLOBAL-EQ,Full Market / Other,
SMLMAH-EQ,Full Market / Other,
SMLT-EQ,Full Market / Other,
SMSPHARMA-EQ,Full Market / Other,
SNOWMAN-EQ,Full Market / Other,
SOLARA-EQ,Full Market / Other,
SOLARWORLD-EQ,Full Market / Other,
SOLEX-EQ,Full Market / Other,
SOMANYCERA-EQ,Full Market / Other,
SOMATEX-EQ,Full Market / Other,
SOMICONVEY-EQ,Full Market / Other,
SONAL-EQ,Full Market / Other,
SONAMLTD-EQ,Full Market / Other,
SOTL-EQ,Full Market / Other,
SOUTHBANK-EQ,Full Market / Other,
SOUTHWEST-EQ,Full Market / Other,
SPAL-EQ,Full Market / Other,
SPANDANA-EQ,Full Market / Other,
SPARC-EQ,Full Market / Other,
SPCENET-EQ,Full Market / Other,
SPECIALITY-EQ,Full Market / Other,
SPECTRUM-EQ,Full Market / Other,
SPENCERS-EQ,Full Market / Other,
SPIC-EQ,Full Market / Other,
SPLIL-EQ,Full Market / Other,
SPMLINFRA-EQ,Full Market / Other,
SPORTKING-EQ,Full Market / Other,
SRD-EQ,Full Market / Other,
SREEL-EQ,Full Market / Other,
SRGHFL-EQ,Full Market / Other,
SRHHYPOLTD-EQ,Full Market / Other,
SRM-EQ,Full Market / Other,
SRTL-EQ,Full Market / Other,
SSDL-EQ,Full Market / Other,
SSWL-EQ,Full Market / Other,
STALLION-EQ,Full Market / Other,
STANLEY-EQ,Full Market / Other,
STAR-EQ,Full Market / Other,
STARCEMENT-EQ,Full Market / Other,
STARPAPER-EQ,Full Market / Other,
STARTECK-EQ,Full Market / Other,
STCINDIA-EQ,Full Market / Other,
STEELCAS-EQ,Full Market / Other,
STEELCITY-EQ,Full Market / Other,
STEELXIND-EQ,Full Market / Other,
STEL-EQ,Full Market / Other,
STERTOOLS-EQ,Full Market / Other,
STOVEKRAFT-EQ,Full Market / Other,
STUDDS-EQ,Full Market / Other,
STYL-EQ,Full Market / Other,
STYLAMIND-EQ,Full Market / Other,
STYRENIX-EQ,Full Market / Other,
SUBROS-EQ,Full Market / Other,
SUDARCOLOR-EQ,Full Market / Other,
SUDARSCHEM-EQ,Full Market / Other,
SUDEEPPHRM-EQ,Full Market / Other,
SUKHJITS-EQ,Full Market / Other,
SULA-EQ,Full Market / Other,
SUMEETINDS-EQ,Full Market / Other,
SUMMITSEC-EQ,Full Market / Other,
SUNCLAY-EQ,Full Market / Other,
SUNDARAM-EQ,Full Market / Other,
SUNDRMBRAK-EQ,Full Market / Other,
SUNDRMFAST-EQ,Full Market / Other,
SUNDROP-EQ,Full Market / Other,
SUNFLAG-EQ,Full Market / Other,
SUNTECK-EQ,Full Market / Other,
SUPERHOUSE-EQ,Full Market / Other,
SUPERSPIN-EQ,Full Market / Other,
SUPRAJIT-EQ,Full Market / Other,
SUPREME-EQ,Full Market / Other,
SUPREMEINF-EQ,Full Market / Other,
SUPRIYA-EQ,Full Market / Other,
SURAJEST-EQ,Full Market / Other,
SURAJLTD-EQ,Full Market / Other,
SURAKSHA-EQ,Full Market / Other,
SURANASOL-EQ,Full Market / Other,
SURANAT&P-EQ,Full Market / Other,
SURYALA-EQ,Full Market / Other,
SURYALAXMI-EQ,Full Market / Other,
SURYAROSNI-EQ,Full Market / Other,
SURYODAY-EQ,Full Market / Other,
SUTLEJTEX-EQ,Full Market / Other,
SUVEN-EQ,Full Market / Other,
SUVIDHAA-EQ,Full Market / Other,
SUYOG-EQ,Full Market / Other,
SVLL-EQ,Full Market / Other,
SWARAJENG-EQ,Full Market / Other,
SWELECTES-EQ,Full Market / Other,
SWSOLAR-EQ,Full Market / Other,
SYMPHONY-EQ,Full Market / Other,
SYNCOMF-EQ,Full Market / Other,
SYSTMTXC-EQ,Full Market / Other,
TAALTECH-EQ,Full Market / Other,
TAINWALCHM-EQ,Full Market / Other,
TAJGVK-EQ,Full Market / Other,
TALBROAUTO-EQ,Full Market / Other,
TAMBOLIIN-EQ,Full Market / Other,
TANLA-EQ,Full Market / Other,
TARACHAND-EQ,Full Market / Other,
TARAPUR-EQ,Full Market / Other,
TARC-EQ,Full Market / Other,
TARMAT-EQ,Full Market / Other,
TARSONS-EQ,Full Market / Other,
TASTYBITE-EQ,Full Market / Other,
TATVA-EQ,Full Market / Other,
TBZ-EQ,Full Market / Other,
TCC-EQ,Full Market / Other,
TCI-EQ,Full Market / Other,
TCIEXP-EQ,Full Market / Other,
TCIFINANCE-EQ,Full Market / Other,
TCPLPACK-EQ,Full Market / Other,
TDPOWERSYS-EQ,Full Market / Other,
TEAMGTY-EQ,Full Market / Other,
TEAMLEASE-EQ,Full Market / Other,
TECHNVISN-EQ,Full Market / Other,
TECILCHEM-EQ,Full Market / Other,
TEMBO-EQ,Full Market / Other,
TERASOFT-EQ,Full Market / Other,
TEXINFRA-EQ,Full Market / Other,
TEXMOPIPES-EQ,Full Market / Other,
TEXRAIL-EQ,Full Market / Other,
TFCILTD-EQ,Full Market / Other,
TFL-EQ,Full Market / Other,
TGBHOTELS-EQ,Full Market / Other,
THACKER-EQ,Full Market / Other,
THAKDEV-EQ,Full Market / Other,
THANGAMAYL-EQ,Full Market / Other,
THEINVEST-EQ,Full Market / Other,
THEJO-EQ,Full Market / Other,
THEMISMED-EQ,Full Market / Other,
THOMASCOOK-EQ,Full Market / Other,
THOMASCOTT-EQ,Full Market / Other,
THYROCARE-EQ,Full Market / Other,
TI-EQ,Full Market / Other,
TICL-EQ,Full Market / Other,
TIIL-EQ,Full Market / Other,
TIL-EQ,Full Market / Other,
TIMETECHNO-EQ,Full Market / Other,
TIMEX-EQ,Full Market / Other,
TINNARUBR-EQ,Full Market / Other,
TIPSFILMS-EQ,Full Market / Other,
TIPSMUSIC-EQ,Full Market / Other,
TIRUMALCHM-EQ,Full Market / Other,
TMB-EQ,Full Market / Other,
TNPETRO-EQ,Full Market / Other,
TNPL-EQ,Full Market / Other,
TNTELE-EQ,Full Market / Other,
TOLINS-EQ,Full Market / Other,
TOTAL-EQ,Full Market / Other,
TOUCHWOOD-EQ,Full Market / Other,
TPHQ-EQ,Full Market / Other,
TPLPLASTEH-EQ,Full Market / Other,
TRACXN-EQ,Full Market / Other,
TRANSPEK-EQ,Full Market / Other,
TRANSRAILL-EQ,Full Market / Other,
TRANSWORLD-EQ,Full Market / Other,
TREEHOUSE-EQ,Full Market / Other,
TREJHARA-EQ,Full Market / Other,
TREL-EQ,Full Market / Other,
TRF-EQ,Full Market / Other,
TRIGYN-EQ,Full Market / Other,
TRIVENI-EQ,Full Market / Other,
TRU-EQ,Full Market / Other,
TRUALT-EQ,Full Market / Other,
TSFINV-EQ,Full Market / Other,
TTKHLTCARE-EQ,Full Market / Other,
TTKPRESTIG-EQ,Full Market / Other,
TTL-EQ,Full Market / Other,
TVSELECT-EQ,Full Market / Other,
TVSHLTD-EQ,Full Market / Other,
TVSSCS-EQ,Full Market / Other,
TVSSRICHAK-EQ,Full Market / Other,
TVTODAY-EQ,Full Market / Other,
TVVISION-EQ,Full Market / Other,
UCAL-EQ,Full Market / Other,
UDS-EQ,Full Market / Other,
UEL-EQ,Full Market / Other,
UFBL-EQ,Full Market / Other,
UFLEX-EQ,Full Market / Other,
UFO-EQ,Full Market / Other,
UGARSUGAR-EQ,Full Market / Other,
UGROCAP-EQ,Full Market / Other,
UJJIVANSFB-EQ,Full Market / Other,
ULTRAMAR-EQ,Full Market / Other,
UMAEXPORTS-EQ,Full Market / Other,
UMIYA-MRO-EQ,Full Market / Other,
UNICHEMLAB-EQ,Full Market / Other,
UNIDT-EQ,Full Market / Other,
UNIECOM-EQ,Full Market / Other,
UNIENTER-EQ,Full Market / Other,
UNIMECH-EQ,Full Market / Other,
UNIPARTS-EQ,Full Market / Other,
UNITECH-EQ,Full Market / Other,
UNITEDTEA-EQ,Full Market / Other,
UNIVASTU-EQ,Full Market / Other,
UNIVCABLES-EQ,Full Market / Other,
URAVIDEF-EQ,Full Market / Other,
URJA-EQ,Full Market / Other,
USK-EQ,Full Market / Other,
UTKARSHBNK-EQ,Full Market / Other,
UTLSOLAR-EQ,Full Market / Other,
UTTAMSUGAR-EQ,Full Market / Other,
UYFINCORP-EQ,Full Market / Other,
V2RETAIL-EQ,Full Market / Other,
VADILALIND-EQ,Full Market / Other,
VAIBHAVGBL-EQ,Full Market / Other,
VAKRANGEE-EQ,Full Market / Other,
VALIANTORG-EQ,Full Market / Other,
VARDHACRLC-EQ,Full Market / Other,
VARROC-EQ,Full Market / Other,
VASWANI-EQ,Full Market / Other,
VCL-EQ,Full Market / Other,
VEEDOL-EQ,Full Market / Other,
VELJAN-EQ,Full Market / Other,
VENKEYS-EQ,Full Market / Other,
VENTIVE-EQ,Full Market / Other,
VENUSPIPES-EQ,Full Market / Other,
VENUSREM-EQ,Full Market / Other,
VERANDA-EQ,Full Market / Other,
VESUVIUS-EQ,Full Market / Other,
VETO-EQ,Full Market / Other,
VGL-EQ,Full Market / Other,
VGUARD-EQ,Full Market / Other,
VHL-EQ,Full Market / Other,
VIDHIING-EQ,Full Market / Other,
VIDYAWIRES-EQ,Full Market / Other,
VIKASECO-EQ,Full Market / Other,
VIKASLIFE-EQ,Full Market / Other,
VIKRAMSOLR-EQ,Full Market / Other,
VIKRAN-EQ,Full Market / Other,
VIMTALABS-EQ,Full Market / Other,
VINATIORGA-EQ,Full Market / Other,
VINCOFE-EQ,Full Market / Other,
VINDHYATEL-EQ,Full Market / Other,
VINNY-EQ,Full Market / Other,
VINYLINDIA-EQ,Full Market / Other,
VIPIND-EQ,Full Market / Other,
VIPULLTD-EQ,Full Market / Other,
VIRINCHI-EQ,Full Market / Other,
VISAKAIND-EQ,Full Market / Other,
VISHNU-EQ,Full Market / Other,
VISHWARAJ-EQ,Full Market / Other,
VIVIDHA-EQ,Full Market / Other,
VIYASH-EQ,Full Market / Other,
VLSFINANCE-EQ,Full Market / Other,
VMART-EQ,Full Market / Other,
VOLTAMP-EQ,Full Market / Other,
VRAJ-EQ,Full Market / Other,
VRLLOG-EQ,Full Market / Other,
VSSL-EQ,Full Market / Other,
VSTIND-EQ,Full Market / Other,
VSTL-EQ,Full Market / Other,
VSTTILLERS-EQ,Full Market / Other,
WAAREERTL-EQ,Full Market / Other,
WABAG-EQ,Full Market / Other,
WAKEFIT-EQ,Full Market / Other,
WALCHANNAG-EQ,Full Market / Other,
WCIL-EQ,Full Market / Other,
WEALTH-EQ,Full Market / Other,
WEBELSOLAR-EQ,Full Market / Other,
WEIZMANIND-EQ,Full Market / Other,
WEL-EQ,Full Market / Other,
WELENT-EQ,Full Market / Other,
WELSPLSOL-EQ,Full Market / Other,
WENDT-EQ,Full Market / Other,
WESTLIFE-EQ,Full Market / Other,
WEWORK-EQ,Full Market / Other,
WHEELS-EQ,Full Market / Other,
WILLAMAGOR-EQ,Full Market / Other,
WIMPLAST-EQ,Full Market / Other,
WINDLAS-EQ,Full Market / Other,
WINDMACHIN-EQ,Full Market / Other,
WIPL-EQ,Full Market / Other,
WONDERLA-EQ,Full Market / Other,
WORTHPERI-EQ,Full Market / Other,
WPIL-EQ,Full Market / Other,
WSI-EQ,Full Market / Other,
WSTCSTPAPR-EQ,Full Market / Other,
XCHANGING-EQ,Full Market / Other,
XELPMOC-EQ,Full Market / Other,
XPROINDIA-EQ,Full Market / Other,
XTGLOBAL-EQ,Full Market / Other,
YASHO-EQ,Full Market / Other,
YATHARTH-EQ,Full Market / Other,
YATRA-EQ,Full Market / Other,
YUKEN-EQ,Full Market / Other,
ZAGGLE-EQ,Full Market / Other,
ZEELEARN-EQ,Full Market / Other,
ZEEMEDIA-EQ,Full Market / Other,
ZENITHEXPO-EQ,Full Market / Other,
ZENITHSTL-EQ,Full Market / Other,
ZFSTEERING-EQ,Full Market / Other,
ZODIACLOTH-EQ,Full Market / Other,
ZOTA-EQ,Full Market / Other,
ZSARACOM-EQ,Full Market / Other,
ZUARI-EQ,Full Market / Other,
ZUARIIND-EQ,Full Market / Other,
